{
"aprobados" : {"0":50.8839462046,"1":44.9898062874,"2":49.9233934752,"3":53.5101797705,"4":53.1968783447,"5":51.7192926747,"6":53.4186615797,"7":48.5888478912,"8":49.2680396318,"9":48.6890472019,"10":53.2751277333,"11":62.6001820513},
"reprobados": {"0":32.130017129,"1":34.4810939496,"2":34.5174955271,"3":36.4154877086,"4":36.2539646594,"5":35.256200189,"6":33.8664107009,"7":36.106963284,"8":33.9891682639,"9":38.6690055298,"10":37.8230584559,"11":39.8344934004},
"datosEstadisticos" : {"total":128804,"aprobados":42045, "reprobados":86759}
}